{
    "NCN": {
        "time": [
            0.0,
            13.386557167590757,
            25.14394472675383,
            47.22782329370471,
            88.70793017167743,
            166.6199355919103,
            312.96190636985693,
            587.8357502102565,
            1104.1307654129778,
            2073.8867050794383,
            3895.3774319444315,
            7316.679980703567,
            13742.906014965085,
            25813.274085277404,
            48485.023347760034,
            91069.32662887637
        ],
        "ne": [
            1743549.3215311412,
            1343609.7556256359,
            1027735.82634071,
            751590.0811207478,
            445669.9290245246,
            83258.21633173837,
            16145.363522077903,
            11178.834577212405,
            3911.142826282714,
            13588.81524599879,
            21498.33376939613,
            23943.473521607353,
            17172.352723607124,
            15018.355531658623,
            29409.157533039914,
            29409.157533039914
        ]
    },
    "SCN": {
        "time": [
            0.0,
            9.625771045396963,
            17.969245920007356,
            33.54472046040488,
            62.62078418737824,
            116.89954658798997,
            218.2263312383116,
            407.38166259599495,
            760.4940159042606,
            1419.6788940884342,
            2650.235399845528,
            4947.419943933366,
            9235.769812393395,
            17241.197431019187,
            32185.61039237829,
            60083.61776927542
        ],
        "ne": [
            934289.510303324,
            428560.53222754947,
            284799.2451864728,
            192799.3938729745,
            108374.32601998109,
            32910.047644386614,
            10630.465269151216,
            3171.2909032749667,
            3385.1872904643287,
            7163.501594736395,
            13917.186151441016,
            12723.31267590836,
            10679.806867631058,
            11276.221009791045,
            20402.365898068034,
            20402.365898068034
        ]
    }
}